Object,Group,Canon[1],Canon[2],Canon[3],Canon[4]
Aniakchak,Ash-Flow,-1.101511481,2.836730886,-0.370357821,0.004195502
Apoyeque,Ash-Flow,0.355245228,0.508720347,1.002504872,0.189907527
Cerro,Ash-Flow,-0.824938963,1.140066594,-0.090775993,1.952484324
Chaiten,Ash-Flow,1.072773794,3.670467941,2.277852405,-0.892176997
Fisher,Ash-Flow,1.412046842,5.172031784,-1.432545206,-3.225275036
Incapillo,Ash-Flow,0.556440836,2.919942596,1.364467642,-0.575068293
Maninjau,Ash-Flow,2.178301983,2.557929915,-0.601523921,0.791614503
Segara,Ash-Flow,1.839358184,0.194124546,-0.839739391,0.011472676
Semisopochnoi,Ash-Flow,0.688132831,1.289125609,-1.838549446,-1.851016376
Coatepeque,Ash-Flow,1.136310171,0.953153856,-0.653755933,-0.616429451
Crater_Lake,Ash-Flow,0.125560738,1.33705537,-2.608501372,0.15991286
Novarupta,Ash-Flow,0.125423924,-0.086157121,-0.868278922,-0.188874103
Valles,Ash-Flow,0.637687945,1.600278059,-1.804042724,-0.397730135
Aira,Ash-Flow,0.863612939,2.22048765,1.461440138,1.729433099
Towada,Ash-Flow,0.057732367,2.852122513,0.476554396,1.917065894
Akan_B,Ash-Flow,0.000789791,2.510242816,0.21635421,1.517248871
Mashu,Ash-Flow,1.747546482,4.565206522,-0.06322113,-0.760941149
Kutcharo,Ash-Flow,0.633266339,2.717349745,-1.263754801,-1.141635473
Akan,Ash-Flow,1.153359514,2.666765678,0.716353842,0.810132295
Uzon,Ash-Flow,1.237644871,3.562210445,0.508600651,-0.797790044
Krasheninnikov,Ash-Flow,-0.336432714,1.205954813,2.660490751,0.85088885
Tien-Chi,Ash-Flow,1.436144777,4.774397912,-0.396430244,-0.811720422
Long_Valley,Ash-Flow,-0.04195261,1.557763107,0.31701184,0.196543525
Apoyo_B,Ash-Flow,0.346457812,4.567339737,-1.306212856,0.988808328
Diamante,Ash-Flow,1.442424034,2.997616334,0.846741201,-1.124707007
Torfajokull,Ash-Flow,0.398342506,4.96820106,0.752661267,-0.871888272
Old_YS_Caldera,Ash-Flow,1.497681771,1.283081404,-0.473942166,-0.794344548
Henrys_Fork,Ash-Flow,0.532735057,-1.117347668,-0.4549951,-1.060889006
West_Thumb,Ash-Flow,0.709597269,0.998196345,-0.233287531,-0.931620164
Yellowstone,Ash-Flow,0.053536525,1.381912708,-1.39721604,-2.629139216
Whakamaru,Ash-Flow,0.912484237,1.369393472,1.915678982,0.560198588
Maysaya,Ash-Flow,2.226699186,3.78147594,0.597864989,1.021331177
Mangakino,Ash-Flow,0.193289288,1.879417128,0.1861666,-0.573099032
Taupo,Ash-Flow,2.067823915,3.796694705,-0.303456121,-1.410944428
Reporoa,Ash-Flow,0.86288313,5.689550666,0.171580148,-0.248545479
Kapenga,Ash-Flow,3.876560324,3.34485908,1.21708411,0.424589942
Rotorua,Ash-Flow,0.553768539,3.5703824,-1.30434872,-0.969311447
Ohakuri,Ash-Flow,1.722750327,5.843059651,0.896155852,1.167033294
Cerro_Azul,Basaltic Shield,1.546274758,-1.602438561,0.888953655,0.74471635
Fernandina,Basaltic Shield,0.459694098,-3.02563272,3.239621756,-0.502943307
Isla_Tortuga,Basaltic Shield,-0.520184737,-0.455496726,1.80804488,-1.076295586
Las_Canadas_Teide,Basaltic Shield,-1.026932628,0.120319782,4.346669685,2.161906477
Mat'ala,Basaltic Shield,-0.947218629,1.742327201,1.249741379,-1.269663285
Nyamuragira,Basaltic Shield,-0.37924617,-0.870531558,0.794588327,1.171053108
Reunion,Basaltic Shield,-0.988888921,-1.43565413,2.555372894,-0.05361919
Sierra_Negra,Basaltic Shield,0.329506593,-0.978806086,1.192988593,-0.415629458
Volcan_Alcedo,Basaltic Shield,-0.994119094,-0.757500273,0.436377393,0.750607181
Volcan_Darwin,Basaltic Shield,0.405608127,1.128288615,1.803266161,0.664430548
Volcan_Wolf,Basaltic Shield,2.089085121,-0.324962839,2.106277064,-0.719338928
Erta_Ale,Basaltic Shield,0.834033469,-0.375897256,2.924958535,-4.301211779
Karthala,Basaltic Shield,-0.715837443,-0.703739241,3.049813243,0.693514841
Kilauea,Basaltic Shield,0.582174117,-0.203673533,2.685242174,0.146491033
Silali,Basaltic Shield,0.674173208,-0.746344347,2.080713917,-0.668697709
Olmoti,Basaltic Shield,-0.33922813,-0.591571577,3.375460889,-1.266407152
Ngurdoto,Basaltic Shield,2.016699516,-1.157447914,1.435092842,-0.994684792
Emi_Koussi,Basaltic Shield,0.00669684,-0.246477469,3.119659323,0.54302309
Embagai,Basaltic Shield,0.957216696,0.494757567,1.156671118,-0.225414703
Donguinyo,Basaltic Shield,-1.2963083,-0.204662934,1.805815959,0.597876118
Deriba,Basaltic Shield,-1.126771373,0.442709386,1.608100699,-0.495713863
Barrier,Basaltic Shield,0.605050812,-0.079426548,4.974654138,-1.760866749
Dolomieu,Basaltic Shield,0.567322708,-0.885819799,4.355301059,1.424493538
Niuafo'ou,Basaltic Shield,-1.362571206,0.138607306,0.537730033,-1.055907031
Toya,Basaltic Shield,-0.542511031,1.304784177,3.843186212,0.03124918
Mauna_Loa,Basaltic Shield,0.53453589,-0.114877225,0.195508341,0.171652083
Volcan_Wolf_B,Basaltic Shield,0.698872085,0.621960004,2.753237568,1.146722367
Volcan_Darwin_B,Basaltic Shield,-0.212571533,0.534867895,1.308689957,-0.561182403
Askja,Basaltic Shield,-0.605156294,-0.138056418,0.025829372,0.604719542
Alcedo,Basaltic Shield,-1.226982118,-2.08133031,1.14364159,-0.806193974
Cerro_Azul,Basaltic Shield,0.195336095,0.232337524,1.399523303,-0.866207951
Ambrym,Basaltic Shield,0.413349395,0.74164264,3.19146439,0.766926652
Aoba-Ambae-1,Basaltic Shield,-0.269397298,0.729814036,0.795401932,-0.278703184
Aoba-Ambae-2,Basaltic Shield,0.268603948,-0.212972806,1.531151,2.603416063
Fantale,Basaltic Shield,-0.11453532,-0.343264078,1.531476661,0.605433297
Prometheus,Io Patera,3.517144599,-0.763211532,-0.714401163,0.789821873
Grannos-nested,Io Patera,1.064688856,-1.132836724,1.208640181,-0.404591118
Grannos,Io Patera,0.433657425,-0.378096309,0.441283726,-0.082600114
Ababinili,Io Patera,3.127439752,0.490634295,-0.446575359,0.767074036
Ruaumoko,Io Patera,1.860365712,0.448406479,-0.293435423,-1.094422455
Steropes,Io Patera,2.052881917,0.653595473,-1.471741254,2.0181756
Steropes-nested,Io Patera,3.098876572,-0.650940126,-2.488097196,1.231246305
Camaxtli,Io Patera,2.192015091,0.840507115,-0.087961717,0.579832891
Unnamed-8_46--139_35,Io Patera,3.995985828,-2.291306061,0.809841237,-2.594485229
Tien-Mu,Io Patera,1.313954876,-0.813733815,1.361610166,1.625117589
Yaw,Io Patera,4.318919026,0.537279715,-0.344396685,1.166044612
Tupan,Io Patera,2.963375286,-0.079996902,0.6847604,0.677047738
Unnamed-18_45--117_41,Io Patera,2.261383411,-0.824469245,-0.200137706,0.567087163
Gish_Bar,Io Patera,1.942131578,-2.410795259,-1.744724843,-0.90722537
Horus-A,Io Patera,1.898131163,-2.048220295,-0.927383834,1.14745793
Horus-B,Io Patera,2.901416447,-1.070890156,0.34707171,-0.857242828
Horus-C,Io Patera,1.097970649,-1.98233058,0.414328074,0.190373196
Kava-A,Io Patera,-1.031502086,-1.225810516,-0.736620093,0.209324871
Kava-B,Io Patera,1.454464252,-0.434165452,0.293928019,-0.493197947
Huo_Shen-A,Io Patera,2.25441494,0.327240051,-1.725461738,-0.143865643
Huo_Shen-B,Io Patera,1.567536241,-0.641906454,-2.285536354,-0.725771906
Huo_Shen-C,Io Patera,2.787855595,0.163961169,-0.882937424,-0.63223977
Unnamed--20_40-27_83,Io Patera,1.072449433,0.580594674,-0.969936011,-0.537072508
Unnamed--31_17-27_92,Io Patera,2.605983135,-0.738526339,-0.44888315,-1.575450077
Unnamed--40_82-34_43,Io Patera,2.071764262,-2.211438342,0.492762981,0.625600721
Maasaw,Io Patera,3.246477447,0.392038745,-1.062727524,-1.104977216
Maasaw-nested,Io Patera,3.489515736,-0.735088814,-0.088570107,-1.38524988
Unnamed-48_74--156_27,Io Patera,1.263168557,-1.435356567,-1.218457751,-0.419859976
Unnamed-0_35-20_14,Io Patera,1.771577116,-1.492123419,-0.44949458,-0.383154109
Unnamed-19_39-25_89,Io Patera,3.179601864,-0.935771339,1.967002638,-2.44812559
Unnamed-48_06-57_59,Io Patera,1.029645771,-0.822773283,-1.019912101,-0.526684582
Khalla,Io Patera,3.294720876,-0.012375399,-1.214599192,2.052615802
Kibero,Io Patera,0.939917099,1.540978639,-2.044134169,0.561858854
Podja,Io Patera,-1.249738054,-0.811859866,-0.250091148,-0.392575631
Ninurta,Io Patera,1.14370372,-2.345806431,-0.278196839,-0.980232514
Sengen,Io Patera,0.051091212,-0.908921948,0.434607243,-0.742136219
Unnamed--28_33-34_65,Io Patera,1.340977245,-0.454019828,-1.202610379,0.589963309
Unnamed--12_66-63_27,Io Patera,0.647469046,0.160270962,0.267053176,-1.012393228
Unnamed-6_76-83_31,Io Patera,2.186435021,-1.037395986,-1.089887317,-0.425167545
Unnamed-25_25-78_83,Io Patera,1.484718978,-1.198564318,-1.884973939,-0.436459553
Daedalus,Io Patera,0.158990375,-0.009451156,0.805744844,-0.358004625
Unnamed-16_01--78_46,Io Patera,-0.622792521,-0.900485979,-1.443112021,0.313423505
Atar,Io Patera,-1.16173371,0.680566701,0.035323873,-0.739753068
Unnamed-40_32-73_03,Io Patera,1.581945987,-0.970146292,1.740967194,0.505754285
Unnamed--37_98-105_86,Io Patera,0.568095503,-0.239185421,-0.456567939,1.832053369
Unnamed--26_42--115_92,Io Patera,1.400505001,-0.413636226,1.830549297,-0.298639651
Mafuike,Io Patera,1.842865777,1.847312757,-0.387277049,0.154240721
Mafuike-lower,Io Patera,2.239124182,0.434816239,0.43175074,-1.111851059
Pillan,Io Patera,0.275996832,-0.875597564,0.880532316,-1.673132893
Unnamed-12_06-99_42,Io Patera,0.475640211,-0.505316195,-0.603702109,0.062060655
Llew,Io Patera,1.86751458,-0.368778533,-0.333754041,2.067092313
Unnamed--15_32-128_80,Io Patera,0.186019614,-1.659867289,-1.834710641,0.510071341
Unnamed--62_58-163_03,Io Patera,0.417595657,-1.003542508,1.082678135,-0.316959187
Unnamed--47_13-156_70,Io Patera,-0.126542421,-2.627432667,-1.922750575,0.04307149
Bactria_Regio,Io Patera,1.816305671,0.903993902,1.490758182,-0.053889347
Unnamed--34_27--136_00,Io Patera,1.222446294,-1.845856706,1.453205894,-0.293073557
Unnamed-10_20--125_78,Io Patera,3.133847746,0.609846119,-0.859406031,-0.417801818
Unnamed-16_87--126_33,Io Patera,3.459232488,-1.612409744,-0.064655671,-0.51523308
Unnamed-22_73--134_55,Io Patera,2.691160175,0.048241248,0.111817467,-2.195502262
Unnamed-35_51--137_77,Io Patera,-0.630989398,-0.119250079,-0.62988179,-0.734503139
Unnamed-60_74--143_83,Io Patera,1.266126419,-1.233125775,0.068757746,-0.676298439
Savitr,Io Patera,2.933521387,0.890228265,-2.852112109,-0.572198716
Unnamed--35_11--119_85,Io Patera,1.483884182,0.879802342,-1.447442059,1.102376068
Unnamed--25_02--101_65,Io Patera,1.698028248,-0.195093825,-1.67773292,0.689840317
'Unnamed--47_38--108_81,Io Patera,1.648553148,-2.971274048,0.866850417,-0.009907003
Unnamed--34_44--100_89,Io Patera,2.289635916,-1.279983755,-1.042014092,-1.145532842
Unnamed--43_19--75_96,Io Patera,-0.525324873,0.393200243,-1.438329748,-0.143640153
Unnamed--46_10--81_77,Io Patera,2.869731553,0.624007697,-1.013160632,1.228337177
Unnamed--11_23--84_74,Io Patera,-1.860557302,-0.161387658,-0.952515443,-0.007669803
Unnamed-8_35--70_13,Io Patera,2.121268994,0.383697875,1.601112459,-0.112192245
Unnamed-21_87--75_38,Io Patera,1.346538719,-0.948320005,-0.856509498,0.720818164
Hatchawa,Io Patera,2.12428066,0.235616616,-0.618999783,-0.511623916
Bochica,Io Patera,-1.28791486,-0.726754288,-0.130094278,-0.534678977
Siun,Io Patera,-0.050504717,-2.007131059,-0.642450971,0.423777597
Illmarinen,Io Patera,0.450547539,-0.239996012,-0.122536759,-1.492737423
Unnamed--13_96--21_93,Io Patera,1.156449897,-0.117950753,-1.006386712,0.98501134
Hiruko,Io Patera,0.960913928,0.00689565,0.027993172,0.186392495
Lu_Huo,Io Patera,3.915310824,-0.743736461,-0.304691356,-1.389299315
Unnamed-2_04--124_70,Io Patera,2.452118265,-0.569822982,1.700400841,1.404735084
Nusku,Io Patera,2.631769361,-1.414930071,2.322803787,-0.031871676
Unnamed-42_94-69_50,Io Patera,0.961575052,-0.217936799,-0.182341832,0.190850683
Unnamed-46_77--145_52,Io Patera,1.441978473,0.898104031,-1.272064814,2.156651708
Tvashtar-A,Io Patera,1.152012025,1.924859696,-0.381416411,-0.641500765
Unnamed--54_96--119_34,Io Patera,2.061383716,1.148645433,-0.430787479,0.223692277
Unnamed-59_72--117_99,Io Patera,2.597131678,0.200444857,-0.487582016,-0.057028554
Unnamed-44_30--91_31,Io Patera,1.614856564,0.755982929,0.547747985,0.086269264
Ah_Peku,Io Patera,0.859301518,-1.468251018,1.03911634,0.78673757
Unnamed-6_07--97_45,Io Patera,1.949004592,1.356385255,-1.015923994,1.758815899
Unnamed--19_41--82_74,Io Patera,1.414706348,-0.845209717,-0.018169884,0.03636883
Estan,Io Patera,0.679424557,-0.773589832,-2.689724315,1.27768755
Kane,Io Patera,0.44571038,0.319575184,0.663563036,0.268424522
Kane-nested,Io Patera,2.7437359,-1.080658984,0.307121187,0.804013684
Creidne,Io Patera,1.577344201,0.770765369,-0.583656943,-0.063274638
Unnamed--31_09-21_91,Io Patera,0.890575465,-0.30044942,0.952823748,-0.234474148
Unnamed-16_55-28_51,Io Patera,3.788770124,-0.430379806,0.560558072,0.272814819
Kinich_Ahau,Io Patera,0.60594588,-1.06944602,0.557382294,-0.196705862
Tol-Ava,Io Patera,1.299305123,-0.320765521,-0.578423416,-0.032215343
Mazda-northern,Io Patera,2.549318675,1.205859037,0.641823528,0.375770866
Sed,Io Patera,1.303787392,1.238205267,0.506055223,-2.4962981
Viracocha,Io Patera,0.757878421,-0.590685066,-0.552944111,-0.150300231
Unnamed--6_65-84_07,Io Patera,2.142407023,0.180447413,-0.678380442,0.103519155
Gibil,Io Patera,-0.37545893,1.251739377,-0.267759352,-0.78429044
Unnamed--49_51-165_81,Io Patera,2.266078499,-0.563546638,-0.59751858,0.468099596
Paive,Io Patera,0.909586268,0.158405491,-1.002765367,-1.515503559
Mbali,Io Patera,1.552053432,-0.297677622,-0.431872358,0.591317866
Unnamed--49_54-30_13,Io Patera,1.08852389,-1.453914385,-0.651497759,0.895131312
Kava,Io Patera,0.888816268,0.946370005,-0.270131942,1.242711287
Unnamed--0_46-27_27,Io Patera,3.315130872,-1.798794067,1.321063322,-0.26300424
Nyambe,Io Patera,1.872173805,-2.588138978,-0.145708475,0.741389714
Unnamed-5_58-16_50,Io Patera,2.363817153,-3.185000758,0.956315079,-1.135004649
Surt,Io Patera,-0.94163864,0.421309912,0.781469587,-0.066307105
Dazhbog,Io Patera,-1.455253612,-1.850819467,-1.512362526,-0.133184303
Unnamed-46_15-51_78,Io Patera,2.917590927,-1.454159658,-0.858288509,1.047914361
Manua,Io Patera,0.68408407,-0.469797735,0.041879085,-0.865183888
Unnamed-21_96-36_85,Io Patera,-0.87393439,-1.6808516,-0.708986836,-0.415862596
Reshet,Io Patera,0.538602164,-0.419113764,0.359363571,-0.879034655
Mazda-southern,Io Patera,3.694385282,-0.773253878,-0.215465234,-0.686152115
Mihr,Io Patera,0.464146693,-0.191632529,0.895706027,-2.205661542
Rarog,Io Patera,1.15137965,-0.772310625,0.739539462,-0.543405665
Aten,Io Patera,-0.343424756,-0.949443943,2.046038554,-0.279785412
Unnamed--48_97-40_40,Io Patera,2.684558564,-3.258152518,-0.83838548,-0.665244939
Galai,Io Patera,0.028339122,-2.177786795,-1.657108402,-0.420835649
Unnamed-3_68-76_68,Io Patera,1.068685503,-1.085307566,1.497061696,-0.480544354
Unnamed-6_05-80_87,Io Patera,0.634711501,0.233445063,0.655376711,-1.088238466
Unnamed--25_53-102_74,Io Patera,4.150368527,0.230863998,-0.176050812,0.130308588
Unnamed--42_08-152_48,Io Patera,1.366075042,-0.313869922,-0.033002587,0.303321473
Gabija,Io Patera,1.853074654,1.604236818,-0.332708391,-0.891310201
Unnamed--58_73--129_53,Io Patera,-0.869382252,-0.824153581,0.786968893,1.147978082
Malik,Io Patera,1.941887697,-0.581062469,-0.55634433,1.552929763
Emakong,Io Patera,2.371707412,-0.526043616,0.324894634,-0.194076246
Dusura,Io Patera,-0.44242773,-0.210584956,-1.489790919,-0.086089994
Sigurd,Io Patera,1.139918467,0.041706445,1.268658182,0.09153725
Arusha,Io Patera,1.488898176,-0.137966352,-1.910585005,-1.210898987
Catha,Io Patera,-0.487456894,-0.517814652,0.880143978,-0.50628283
Ekhi,Io Patera,-0.224326319,-0.534640671,-0.289927949,0.675285615
Tawhaki,Io Patera,0.836142267,-0.979409958,-0.850443051,1.151817819
Fuchi,Io Patera,1.662673705,0.560198048,1.534570453,1.385416449
Unnamed--38_40-69_32,Io Patera,2.894288723,0.996952191,-0.550676153,-2.531766478
Pyerun,Io Patera,1.950644621,0.244043008,-0.583013028,-0.261490418
Svarog,Io Patera,3.942965693,-2.26608214,-0.374544303,0.869913153
Unnamed-15_19-128_74,Io Patera,0.268408736,-0.879007818,-1.050596196,-0.806713195
Amaterasu,Io Patera,1.475442646,-0.587814301,0.748752191,-0.321478136
Loki,Io Patera,1.605822232,-2.120624773,-1.717657743,-1.126163123
Ra,Io Patera,3.238798923,-0.975345526,-0.638669824,-1.169313273
Heno,Io Patera,0.985413999,-0.081480776,0.562536619,0.135414281
Hi'iaka,Io Patera,0.612423417,-0.774344294,-1.010335298,-0.452207846
Mekala,Io Patera,1.815041132,0.498557953,0.936634997,-0.428412241
Tvashtar-B,Io Patera,2.861168579,0.317885036,0.921219227,0.376809606
Tvashtar-C,Io Patera,3.772473038,-0.588754801,-0.424383142,-0.122818078
Tohil,Io Patera,3.305947386,-1.285763848,-0.560965599,-0.769620949
Chaac,Io Patera,2.820391393,-1.284117031,-0.68229347,0.303894184
Chaac_little,Io Patera,1.820346281,0.083420141,-0.076168388,0.732857875
Culann,Io Patera,3.316111857,0.016544565,-2.547965219,-0.650742536
Shamshu,Io Patera,1.282987222,0.156129269,-0.322806495,0.396509562
Alba,Martian Caldera,-0.438893206,-0.953600711,-0.047692189,3.251137608
Apollonaris-1,Martian Caldera,-1.118992466,-1.158482774,-0.453939332,1.891710692
Apollonaris-2,Martian Caldera,0.352006214,0.376076465,1.690932596,4.330938462
Biblis,Martian Caldera,-1.269062639,-0.315850682,0.969816732,-0.66114889
Ceranius_Tholus,Martian Caldera,-1.762761415,0.350554552,-0.329546093,1.268082094
Hadrica,Martian Caldera,-0.859220588,1.383209415,-0.005493959,2.055104204
Hadrica-nested,Martian Caldera,-0.029200783,-0.233885443,0.716480005,1.987811452
Hecates_Tholus-1,Martian Caldera,0.447684444,-0.099851303,-0.095861475,5.729214424
Hecates_Tholus-2,Martian Caldera,0.49664616,0.627471807,-1.776249676,2.793876018
Jovis_Tholus,Martian Caldera,0.349707433,-0.528083932,-0.043440383,0.924791106
Nili,Martian Caldera,0.367960053,0.632264742,1.748041492,1.821911729
Uranius,Martian Caldera,0.262945544,0.313360084,-2.289262952,3.325664377
Uranius_Tholus,Martian Caldera,-0.339977882,-1.077910785,0.68968708,5.330250162
Amphrtrites,Martian Caldera,-0.594420556,-0.521487965,0.985187267,2.4281895
Peneus,Martian Caldera,-0.752953006,-1.209116347,-1.744154382,-0.330201452
Arsia_Mons,Martian Caldera,-1.29165308,0.190023464,-0.463787455,1.433712936
Pavonis_Mons,Martian Caldera,0.632259081,-0.063983717,0.223707041,2.112947775
Ulysses,Martian Caldera,-0.852447568,1.725558276,-0.204478405,2.932967264
Tharsis_Tholus-1,Martian Caldera,0.322485186,0.44987311,-0.396398968,3.940553914
Tharsis_Tholus-2,Martian Caldera,0.267715835,-1.454879391,0.554335209,2.65371244
Albor_tholus,Martian Caldera,-0.834746955,0.828659539,-0.520316318,0.638974573
Elysium_Mons,Martian Caldera,-2.139390125,1.200654059,-0.169468285,1.378683491
Ascraeus,Martian Caldera,0.538579949,1.509834055,-0.097814908,0.010121981
Olympus_Mons,Martian Caldera,-0.658621868,2.066448785,-0.87958467,0.79362032
Amontons,Lunar Impact Crater,-0.890823706,-0.56184318,0.499519022,-0.087061993
Anvile,Lunar Impact Crater,-1.659582074,-0.707868286,0.089845863,0.369388458
Aratus,Lunar Impact Crater,-1.439120244,-0.518557154,-0.145086203,-0.100117348
Armstrong,Lunar Impact Crater,-2.000517396,-0.717874243,0.632479857,0.065879625
Banting,Lunar Impact Crater,-1.714293829,0.040932983,-0.356715346,0.382911752
Beketov,Lunar Impact Crater,-1.749771759,-0.276562694,-0.382992225,-0.656332504
Bessarion,Lunar Impact Crater,-1.780356514,0.758498994,1.712999599,0.364342849
Bobillier,Lunar Impact Crater,-1.590370802,-0.597086099,0.207681599,-0.011747694
Boethius,Lunar Impact Crater,-2.573495386,-0.546033748,0.207567719,-0.214830513
Brewster,Lunar Impact Crater,-1.431255823,0.17829394,-1.12684157,-0.262090265
Bruce,Lunar Impact Crater,-1.622001104,-0.478335803,-0.410231589,-0.32283616
Cauchy,Lunar Impact Crater,-2.225132828,0.494564405,-0.475062001,-0.418032234
Dollond,Lunar Impact Crater,-1.584974177,0.143591649,-0.623248508,-0.191088913
Euclides,Lunar Impact Crater,-2.647609774,-0.055392925,-0.192953994,-0.033701048
Fahrenheit,Lunar Impact Crater,-2.225913114,-0.031544748,-0.450804432,-0.023934364
Golgi,Lunar Impact Crater,-2.021863613,-0.859093081,0.146060983,-0.11204924
Ibn_Battunta,Lunar Impact Crater,-1.687804176,-0.129243918,-0.961092446,-0.07265597
Kirch,Lunar Impact Crater,-2.4353397,-0.486676065,0.575412877,0.719739789
Kuiper,Lunar Impact Crater,-1.521587097,-0.770613023,-0.073175444,0.395540621
Kundt,Lunar Impact Crater,-1.508891354,0.116623073,0.359754532,-0.157183106
Landsteiner,Lunar Impact Crater,-1.895561723,0.221905987,-0.280332179,-0.934384653
Lohrmann_F,Lunar Impact Crater,-1.638502444,-0.054619775,-0.278225998,-0.301093994
Lucian,Lunar Impact Crater,-2.353359914,0.297910385,0.494135206,-0.880715937
Luther,Lunar Impact Crater,-1.668841958,-1.107616232,0.662584464,-0.027463821
Maestlin,Lunar Impact Crater,-1.740570906,0.18804227,-1.190256154,-0.487452514
Mason_B,Lunar Impact Crater,-2.788923918,-0.903982487,0.400747414,0.376040076
McDonald,Lunar Impact Crater,-2.259625835,-0.234326175,-0.03930783,0.202649376
Nielsen,Lunar Impact Crater,-2.1846003,-0.235688596,-0.442761156,-0.839320626
Petit,Lunar Impact Crater,-1.472834226,-0.365694729,-0.456767383,-0.67682383
Rocco,Lunar Impact Crater,-2.426704614,-0.3834129,0.236805134,0.552960478
Samir,Lunar Impact Crater,-0.933065132,-0.347093036,-0.245779167,-0.251487521
Sampson,Lunar Impact Crater,-2.006264883,-0.282208596,0.077714883,-0.017861612
Scheele,Lunar Impact Crater,-1.742520872,-0.264495582,0.254929168,0.114376343
Schmidt,Lunar Impact Crater,-1.502134827,-0.324114891,-0.383520295,-0.05081353
Smithson,Lunar Impact Crater,-1.75010915,0.148360921,-1.022731173,-0.004786905
Suess,Lunar Impact Crater,-1.777118672,-0.555061459,-0.459242792,0.326143296
Swift,Lunar Impact Crater,-2.379541776,0.506959844,-0.284192586,0.023411055
Tacquet,Lunar Impact Crater,-1.859465508,-0.350190484,0.336854915,0.193033811
Toscanelli,Lunar Impact Crater,-1.170923129,0.008976332,-0.60413812,-0.098418457
Tucker,Lunar Impact Crater,-1.754488416,-0.010514106,-0.772351013,-0.401276278
Very,Lunar Impact Crater,-1.49611602,-0.170572419,-0.364378257,-0.365234215
Wallach,Lunar Impact Crater,-1.577961162,-0.091726913,-0.251525989,-0.110276916
Linne,Lunar Impact Crater,-2.250484039,0.230266409,-0.380341576,0.086617564
Lichtenberg_B,Lunar Impact Crater,-1.919384077,0.013249238,0.119497343,-0.228899182
Alfraganus,Lunar Impact Crater,-2.420088544,0.551320617,-0.636954993,0.453345098
Back,Lunar Impact Crater,-2.387709991,0.054388271,-0.440029909,1.241559843
Bessel,Lunar Impact Crater,-2.095239483,-0.410327111,0.177575057,-0.250198676
Brayley,Lunar Impact Crater,-1.970348631,-0.018455266,-0.055669963,-0.071795162
Brouwer_H,Lunar Impact Crater,-0.776116318,-1.410409292,0.707042932,-0.952510655
Chadwick,Lunar Impact Crater,-0.573482057,0.005012548,-1.553128824,-0.161090085
Chant,Lunar Impact Crater,-1.629253086,-1.02191932,-0.21561256,0.827522478
Chladni,Lunar Impact Crater,-1.61413271,-0.440428759,-0.972866212,-0.365325691
Clavius_C,Lunar Impact Crater,-1.007841706,0.145385501,-0.278512672,2.143788927
Couder,Lunar Impact Crater,-0.244780729,-0.73631279,-0.049880822,-1.112243132
Davy_G,Lunar Impact Crater,0.318312142,0.544216189,0.39592262,0.736515569
Dechen,Lunar Impact Crater,-2.144429524,-0.098403902,1.012814339,-0.375332462
DeVico,Lunar Impact Crater,-1.059812646,0.63537125,-0.25776836,-1.602941357
Diophantus,Lunar Impact Crater,-1.590608239,-1.385841246,-0.917863753,-0.288746683
Drude,Lunar Impact Crater,-1.331313496,-0.537071203,-0.982095677,0.046560354
Egede,Lunar Impact Crater,-1.604236455,0.539413147,2.027125351,0.089956484
Encke,Lunar Impact Crater,-1.382052264,0.594211356,-1.120140024,-0.480343188
Feoktistov,Lunar Impact Crater,-1.420495034,-0.824985147,-2.586754959,0.586667518
Focas,Lunar Impact Crater,-2.754911368,1.237233396,0.437949872,0.59858423
Fox,Lunar Impact Crater,-1.145663776,1.578048519,-0.467504231,-0.39657447
Fredholm,Lunar Impact Crater,-2.46150319,-0.169284577,0.385677376,0.026267236
Geissler,Lunar Impact Crater,-1.306524155,-1.458975873,-0.327300932,-0.666912869
Golitsyn_J,Lunar Impact Crater,-1.403315132,1.137395155,-0.880109773,-1.082209922
Greaves,Lunar Impact Crater,-2.531939525,0.055825409,0.115216783,-0.494040703
Gruithuisen,Lunar Impact Crater,-1.654989983,-0.665017015,0.490201939,-0.613928708
Haidinger,Lunar Impact Crater,-2.118827714,1.432098085,-0.604585682,-1.651015651
Hendrix,Lunar Impact Crater,-1.898305205,-0.29925186,-0.347100403,-1.836712399
Hermann,Lunar Impact Crater,-1.696309913,-0.745232653,-0.440720123,0.536895021
Heron,Lunar Impact Crater,-1.790348915,-0.66741513,0.916951768,-0.67432431
Heyrovsky,Lunar Impact Crater,-1.784672353,0.110180498,-0.856349274,0.003978273
Hipparchus_C,Lunar Impact Crater,-2.53613222,1.277295059,-1.54646477,0.960397665
Hohmann,Lunar Impact Crater,-2.144963119,-0.830613922,-0.537178179,-1.059738567
Horrocks,Lunar Impact Crater,-1.33056954,0.069634326,-2.097166209,0.683696336
Houzeau_P,Lunar Impact Crater,-0.59703345,0.379529638,-0.852951685,-0.968928221
Hume,Lunar Impact Crater,-1.725061531,-0.721716225,1.532964557,-1.236510047
Hume_Z,Lunar Impact Crater,-1.004399436,0.657137974,0.940369683,0.140685843
Jansen,Lunar Impact Crater,-2.980541057,2.102943274,0.659337146,0.270288127
Kastner_R,Lunar Impact Crater,-0.955504968,0.216090292,-0.334304943,-0.060080468
Katchalsky,Lunar Impact Crater,-0.625015687,-0.729770367,-0.42760948,0.468769787
Kepinski,Lunar Impact Crater,-3.461791791,-0.975129535,-0.002845835,-1.262860576
Knox-Shaw,Lunar Impact Crater,-2.872289023,-1.336377055,-1.159020637,1.202123967
Kramarov,Lunar Impact Crater,-1.276393492,0.913234632,0.187539398,-0.42696556
Krieger,Lunar Impact Crater,-1.972795286,0.940082399,-0.877210604,-1.240110987
Kunowsky,Lunar Impact Crater,-1.245069162,-0.275924429,-0.639408029,0.113857553
Lassell,Lunar Impact Crater,-1.702883414,0.485742157,-1.094645909,2.627516698
Le_Verrier,Lunar Impact Crater,-1.477517381,0.701739014,0.251376861,-0.062510867
Lindbergh,Lunar Impact Crater,-1.418755921,-1.082152387,-1.144012672,0.086683481
Marinus_N,Lunar Impact Crater,-0.764191451,-1.83335216,0.109033395,-0.557353273
McLaughlin_Z,Lunar Impact Crater,-0.991230211,-0.284616124,-1.092684064,-0.765252686
Milichius,Lunar Impact Crater,-0.996567808,0.035227671,-0.460726324,-1.699823615
Mosting,Lunar Impact Crater,-1.057145544,-0.365227306,-0.400473194,0.71885967
Neujmin_Q,Lunar Impact Crater,-1.445343436,-1.365279086,-1.60561761,-0.400779182
Pingre_M,Lunar Impact Crater,0.568708552,-1.397656447,-0.600022212,0.344317899
Poincare_C,Lunar Impact Crater,-1.439213812,-1.428776474,0.601043803,0.729820057
Ramon,Lunar Impact Crater,-0.905792767,-0.716470337,0.026486193,-0.469183019
Reiner,Lunar Impact Crater,-2.017965996,0.102897865,-0.476356814,0.504307141
Respighi,Lunar Impact Crater,-0.657422748,-0.765192746,-0.619644012,0.522224018
Robinson,Lunar Impact Crater,-2.191640897,-1.047694859,-0.512005827,-0.409701104
Ross,Lunar Impact Crater,-2.881959951,1.138762398,2.009243768,-0.214399156
Ryder,Lunar Impact Crater,-1.671851946,0.563125353,-0.147495451,-0.096352768
Schiaparelli,Lunar Impact Crater,-2.304684012,0.383346557,0.680462462,0.675898171
Tolansky,Lunar Impact Crater,-1.88142358,0.79826502,0.140394104,-0.548573564
Triesnecker,Lunar Impact Crater,-2.047769033,0.940539692,-0.030124566,-0.211589282
Wallace,Lunar Impact Crater,-0.069802101,-1.485603892,0.913278862,0.937897099
Warner,Lunar Impact Crater,-0.787799655,0.514832976,-1.898916033,-1.040018526
Unnamed-108_613-21_392,Lunar Impact Crater,-1.629822742,0.379530738,0.691761676,-0.78480272
Agrippa,Lunar Impact Crater,-0.488809538,-1.180882134,0.442466984,0.383864151
Al-Biruni,Lunar Impact Crater,-0.887839716,-0.62376229,-1.291611285,-0.375426714
Archimedes,Lunar Impact Crater,-2.314567079,0.619222998,0.77657716,0.062380651
Arzachel,Lunar Impact Crater,-1.620058085,0.620081065,1.093279315,-1.804003134
Azophi,Lunar Impact Crater,-1.076278841,-0.739968206,-0.244117322,-0.2881877
Bullialdus,Lunar Impact Crater,-2.749038804,-0.539143521,-1.790557645,0.23349616
Campanus,Lunar Impact Crater,-2.206344176,0.68807964,-0.156519396,0.883642351
Cassini,Lunar Impact Crater,-1.874054997,0.252609632,1.491472975,0.569042244
Delambre,Lunar Impact Crater,-1.610080672,1.848841965,-0.469806727,-0.547740956
Ellison,Lunar Impact Crater,-1.740585099,-0.144658582,0.795552505,-0.708228772
Eudoxus,Lunar Impact Crater,-1.124373468,0.496423586,-0.552853523,0.789831073
Gassendi,Lunar Impact Crater,-2.575125851,0.382236844,0.345336761,0.489249738
Godin,Lunar Impact Crater,-0.364365606,-0.50617368,-1.140377747,0.215824821
Herschel,Lunar Impact Crater,-1.524986425,0.524403418,-0.515673118,0.553000205
Humboldt,Lunar Impact Crater,-1.527600695,-0.467636276,-0.120566367,-2.431978538
Kiess,Lunar Impact Crater,-1.9213074,0.033544551,-0.595333242,-0.949802515
Lagrenus,Lunar Impact Crater,-1.631502063,0.217432698,0.477889276,1.510237036
Lomonosov,Lunar Impact Crater,-0.942765881,1.08962866,-1.702273858,-2.279306705
Macrobius,Lunar Impact Crater,-1.281368681,-0.321010343,0.008036279,0.011048038
Magelhaens,Lunar Impact Crater,-0.984069127,-0.583663704,-0.806061292,-0.579234275
Mairan,Lunar Impact Crater,-2.281870826,-0.171222718,-0.67991663,-1.668571524
Maurolycus,Lunar Impact Crater,-1.385185974,-0.421395342,-0.054940534,-2.968880531
Meggers,Lunar Impact Crater,-0.682227265,0.109720953,0.755012855,0.149389198
Millikan,Lunar Impact Crater,-1.764218528,0.600777168,-2.37585669,0.094596235
Neper,Lunar Impact Crater,-1.223457639,-1.368280533,-1.553349763,-0.054970096
Nernst,Lunar Impact Crater,-2.018393351,-0.370887813,-0.16769474,0.014416402
Ohm,Lunar Impact Crater,-2.626050355,0.011336058,1.573128695,-0.393068146
Pogson,Lunar Impact Crater,-2.788348192,0.547453843,-2.103031969,-1.361166766
Rheita,Lunar Impact Crater,-3.050283446,-0.777620352,0.689222111,-0.557393453
Schluter,Lunar Impact Crater,-3.311557879,0.318280654,-0.340107795,-0.071348756
Sirsalis,Lunar Impact Crater,-1.149384987,-0.447672889,0.193102738,-0.062470229
Taruntius,Lunar Impact Crater,-1.588292073,-1.325372668,0.851368582,-0.949509264
Thiel,Lunar Impact Crater,-1.342177202,-0.817181871,-1.881561952,0.356129203
Tseraskiy,Lunar Impact Crater,-0.927871002,-1.124782741,-0.943886858,1.324339604
Vashakidze,Lunar Impact Crater,-0.958977663,-0.426067316,1.849538163,-1.347748032
Von_Neumann,Lunar Impact Crater,-2.059270705,2.025656159,-0.325765217,-0.252803596
werner,Lunar Impact Crater,-2.073478387,1.345041579,-1.130804045,0.304990312
Tycho,Lunar Impact Crater,-1.706701814,0.656271888,-0.498546858,0.910904266
Aristillus,Lunar Impact Crater,-1.171680438,-0.824643561,0.230846168,-2.770360841
Copernicus,Lunar Impact Crater,-2.288438662,0.118454803,0.806440069,-1.433990242
Dawes,Lunar Impact Crater,-1.711902382,-0.659476821,0.15906563,-0.183491288
Eratosthenes,Lunar Impact Crater,-1.668880341,-0.866198073,-1.632077519,-0.241106607
Euler,Lunar Impact Crater,-1.863617439,-0.071678199,0.514004663,0.321943003
Pytheas,Lunar Impact Crater,-2.490548639,-0.889335712,-0.541745861,-0.076478121
Timocharis,Lunar Impact Crater,-1.329803735,0.081755762,0.961027671,-0.45348977